Country Name,Country Code,Indicator Name,Indicator Code,1994,1995,1996,1997,1998,1999,2000,2001,2002,2003,2004,2005,2006,2007,2008,2009,2010,2011,2012,2013,2014,2015,2016
Aruba,ABW,Lending interest rate (%),FR.INR.LEND,10.6,10.6,10.375,10.25,11.04166667,13.14166667,12.06666667,12.1,13.08333333,11.5,11.58333333,11.53333333,11.325,11.00833333,11.23333333,10.76666667,10.65,9.658333333,9.183333333,8.725,8.233333333,8.25,
Andorra,AND,Lending interest rate (%),FR.INR.LEND,,,,,,,,,,,,,,,,,,,,,,,
Afghanistan,AFG,Lending interest rate (%),FR.INR.LEND,,,,,,,,,,,,,17.97,18.135,14.9175,15,15.69,15.14583333,15,15.07916667,15,15,
Angola,AGO,Lending interest rate (%),FR.INR.LEND,,206.25,217.875,37.75,45,80.29666667,103.1601742,95.96656083,97.33583333,96.115,82.33416667,67.71813074,19.51081445,17.6988356,12.53360576,15.68207424,22.54357202,18.75724054,16.65640132,15.8086383,16.38227094,16.8818624,
Albania,ALB,Lending interest rate (%),FR.INR.LEND,23.66666667,19.65,23.95833333,,,21.615,22.1025,19.65416667,15.30416667,14.27083333,11.76152183,13.075,12.93994286,14.09962279,13.01964271,12.66093515,12.82232989,12.4320986,10.88034654,9.826604344,8.658617478,8.70284668,
Arab World,ARB,Lending interest rate (%),FR.INR.LEND,,,,,,,,,,,,,,,,,,,,,,,
United Arab Emirates,ARE,Lending interest rate (%),FR.INR.LEND,,,,,,,,,,,,,,,,,,,,,,,
Argentina,ARG,Lending interest rate (%),FR.INR.LEND,10.05916667,17.84666667,10.51083333,9.2425,10.635,11.04,11.08551772,27.70542642,51.67878,19.14624858,6.776578742,6.163241667,8.626916667,11.05203333,19.46815833,15.655,10.5575,14.0875,14.06083333,17.14916667,24.00916667,24.91583333,
Armenia,ARM,Lending interest rate (%),FR.INR.LEND,,111.8575,66.35833333,54.2275,48.485,38.84833333,31.56600039,26.6875,21.13698193,20.82905443,18.63328512,17.98427289,16.52510371,17.51568537,17.04948273,18.76447059,19.20042831,17.75447379,17.23006824,15.99498737,16.40866526,17.59033032,
American Samoa,ASM,Lending interest rate (%),FR.INR.LEND,,,,,,,,,,,,,,,,,,,,,,,
Antigua and Barbuda,ATG,Lending interest rate (%),FR.INR.LEND,13.14676231,12.69584697,12.25919106,11.98258611,12.19511147,12.07187764,12.17155394,11.6243804,11.38791338,12.82198145,11.96439075,11.39393808,10.89058988,10.43853504,10.42910094,10.06537009,10.99934751,10.91445252,10.15719664,9.952353294,10.07183771,9.834,
Australia,AUS,Lending interest rate (%),FR.INR.LEND,9.233333333,10.70416667,10.49583333,8.8875,8.154166667,7.9875,9.266666667,8.6625,8.1625,8.4125,8.85,9.058333333,9.4125,8.195833333,8.908333333,6.020833333,7.279166667,7.7375,6.975,6.179166667,5.95,5.575,
Austria,AUT,Lending interest rate (%),FR.INR.LEND,,,,,6.420833333,5.638333333,,,,,,,,,,,,,,,,,
Azerbaijan,AZE,Lending interest rate (%),FR.INR.LEND,,,,,,19.48333333,19.65583333,19.70583333,17.37083333,15.45666667,15.72,17.02833333,17.86333333,19.13083333,19.7625,20.02916667,20.7,18.98833333,18.34583333,18.21,17.8575,17.53416667,
Burundi,BDI,Lending interest rate (%),FR.INR.LEND,14.2,15.25833333,,,,15.23583333,15.77,16.82416667,19.4675,18.23083333,18.25416667,18.445,17.0725,16.84333333,16.52083333,14.07583333,12.42,13.2325,14.32,15.1475,15.66833333,15.32916667,
Belgium,BEL,Lending interest rate (%),FR.INR.LEND,9.416666667,8.416666667,7.166666667,7.0625,7.25,6.708333333,7.979166667,8.458333333,7.708333333,6.8875,6.7,6.720833333,7.491666667,8.570833333,9.208333333,9.5,,,,,,,
Benin,BEN,Lending interest rate (%),FR.INR.LEND,,,,,,,,,,,,,,,,,,,,,,,
Burkina Faso,BFA,Lending interest rate (%),FR.INR.LEND,,,,,,,,,,,,,,,,,,,,,,,
Bangladesh,BGD,Lending interest rate (%),FR.INR.LEND,14.5,14,14,14,12.9325,13.09916667,12.755,12.82,12.60916667,12.0425,10.39916667,10.615,11.66416667,12.635,12.88916667,13.32666667,12.21916667,13.32166667,13.94416667,13.59333333,12.945,11.70916667,
Bulgaria,BGR,Lending interest rate (%),FR.INR.LEND,102.515875,79.3615,291.05985,213.0184167,14.08335,13.498425,11.34338333,11.11076667,9.207841667,8.543366667,8.871325,8.660983333,8.892525,9.997766667,10.861425,11.335,11.14436667,10.62945833,9.714208333,9.050175,8.276716667,7.484858333,
Bahrain,BHR,Lending interest rate (%),FR.INR.LEND,10.71226969,11.70185581,12.32034713,12.19664887,11.79586649,11.73401736,11.6028972,10.69247797,8.406534045,8.295205607,7.904319092,7.821853583,7.97523943,8.266342679,8.223460614,7.941428571,7.2475,6.790833333,6.035,5.935,5.868333333,5.160833333,
"Bahamas, The",BHS,Lending interest rate (%),FR.INR.LEND,6.875,6.75,6.75,6.75,6.75,6.375,6,6,6,6,6,5.541666667,5.5,5.5,5.5,5.5,5.5,5.0625,4.75,4.75,4.75,4.75,
Bosnia and Herzegovina,BIH,Lending interest rate (%),FR.INR.LEND,,,,,73.5,41.22083333,30.5,,12.69583333,10.87,10.28166667,9.6125,8.014166667,7.1725,6.978333333,7.9325,7.888333333,7.431666667,7.328916667,7.036048111,6.641508639,5.78888799,
Belarus,BLR,Lending interest rate (%),FR.INR.LEND,148.5,175,62.33333333,31.8,26.99166667,51.04166667,67.66666667,46.96666667,36.88333333,23.975,16.90833333,11.35833333,8.841666667,8.575,8.55,11.675,9.216666667,13.575,19.49166667,19.13333333,18.74166667,,
Belize,BLZ,Lending interest rate (%),FR.INR.LEND,14.775,15.69166667,16.3,16.29166667,16.5,16.2725,16.005,15.45416667,14.83416667,14.345,13.94166667,14.255,14.20916667,14.33333333,14.14083333,14.08166667,13.88333333,13.36333333,12.44083333,11.56916667,10.82178318,10.32027993,
Bermuda,BMU,Lending interest rate (%),FR.INR.LEND,,,,,,,,,,,,,,,,,,,,,,,
Bolivia,BOL,Lending interest rate (%),FR.INR.LEND,55.57333333,51.0175,55.96666667,50.05,39.41166667,35.36916667,34.59583333,20.05706122,20.63245674,17.66328905,14.46988333,16.61504167,11.89128333,12.86080833,13.87333333,12.359625,9.909927149,10.91539234,11.13494786,11.05139928,9.694228216,8.073253797,
Brazil,BRA,Lending interest rate (%),FR.INR.LEND,,,,78.19333333,86.36333333,80.44333333,56.83,57.61666667,62.875,67.08333333,54.925,55.38333333,50.80833333,43.71666667,47.25,44.65,39.99166667,43.88333333,36.63666667,27.39166667,32.00833333,43.95833333,
Barbados,BRB,Lending interest rate (%),FR.INR.LEND,9.083333333,10,10,9.833333333,9.75,9.395833333,10.1875,9.583333333,8.5,8.5,8.333333333,9.166666667,10.29166667,10.75833333,10.03333333,9.204166667,8.7,8.7,8.7,8.7,8.383333333,8.058333333,
Brunei Darussalam,BRN,Lending interest rate (%),FR.INR.LEND,,,,,6.5,5.5,5.5,5.5,5.5,5.5,5.5,5.5,5.5,5.5,5.5,5.5,5.5,5.5,5.5,5.5,5.5,5.5,
Bhutan,BTN,Lending interest rate (%),FR.INR.LEND,16,16,16,16,16,16,16,15.75,15.25,15,15,14,14,14,13.75,13.75,14,14,14,14,14.15,13.75,
Botswana,BWA,Lending interest rate (%),FR.INR.LEND,13.91666667,14.41666667,14.5,13.94666667,13.65083333,14.77583333,15.47916667,15.75,16.20833333,16.4,15.75,15.7375,16.45833333,16.215,16.54166667,13.755625,11.45833333,11,11,10.18923333,9,7.95,
Central African Republic,CAF,Lending interest rate (%),FR.INR.LEND,17.5,16,22,22,22,22,22,20.66666667,18,18,18,17.66666667,15.33333333,15,,,,,,,,,
Canada,CAN,Lending interest rate (%),FR.INR.LEND,6.875,8.645833333,6.0625,4.958333333,6.604166667,6.4375,7.270833333,5.8125,4.208333333,4.6875,4,4.416666667,5.8125,6.104166667,4.729166667,2.395833333,2.604166667,3,3,3,3,2.775,
Central Europe and the Baltics,CEB,Lending interest rate (%),FR.INR.LEND,,,,,,,,,,,,,,,,,,,,,,,
Switzerland,CHE,Lending interest rate (%),FR.INR.LEND,5.505,5.4775,4.973333333,4.465833333,4.066666667,3.9,4.285,4.301666667,3.931666667,3.269166667,3.195,3.119166667,3.031666667,3.15,3.3425,2.750833333,2.733333333,2.718333333,2.688333333,2.689166667,2.69,2.680833333,
Channel Islands,CHI,Lending interest rate (%),FR.INR.LEND,,,,,,,,,,,,,,,,,,,,,,,
Chile,CHL,Lending interest rate (%),FR.INR.LEND,20.33965218,18.1595559,17.36785673,15.6702654,20.16950114,12.62315184,14.84339123,11.89100986,7.758072897,6.178778731,5.127003628,6.67787901,7.999482079,8.671258486,13.26177137,7.250634769,4.754826805,9.030152523,10.05726244,9.261876782,8.098058248,5.514927323,
China,CHN,Lending interest rate (%),FR.INR.LEND,10.98,12.06,10.08,8.64,6.39,5.85,5.85,5.85,5.31,5.31,5.58,5.58,6.12,7.47,5.31,5.31,5.81,6.56,6,6,5.6,4.35,
Cote d'Ivoire,CIV,Lending interest rate (%),FR.INR.LEND,,,,,,,,,,,,,,,,,,,,,,,
Cameroon,CMR,Lending interest rate (%),FR.INR.LEND,17.5,16,22,22,22,22,22,20.66666667,18,18,18,17.66666667,15.33333333,15,,,,,,,,,
"Congo, Rep.",COG,Lending interest rate (%),FR.INR.LEND,17.5,16,22,22,22,22,22,20.66666667,18,18,18,17.66666667,15.33333333,15,,,,,,,,,
Colombia,COL,Lending interest rate (%),FR.INR.LEND,40.465,42.7175,41.9925,34.22416667,42.23916667,25.7688624,18.78666667,20.72,16.32679833,15.18710115,15.08305672,14.56083333,12.89391308,15.3818501,17.17562314,13.0080746,9.381489937,11.21991845,12.5850402,10.98558617,10.86733504,11.44998726,
Comoros,COM,Lending interest rate (%),FR.INR.LEND,,,,,,13.66666667,12,12,12,11.83333333,11,11,10.5,10.5,10.5,10.5,10.5,10.5,10.5,10.5,10.5,10.5,
Cabo Verde,CPV,Lending interest rate (%),FR.INR.LEND,10.66666667,12,12,12.05583333,12.51416667,12.03133333,11.93816667,12.84916667,13.17333333,12.73166667,12.69,12.28947917,9.855125,10.55104815,9.989013523,10.97664503,11.03989876,9.810803815,9.900358847,10.52009902,10.89375653,10.40582256,
Costa Rica,CRI,Lending interest rate (%),FR.INR.LEND,33.02583333,36.695,26.27416667,22.47666667,22.47333333,25.737,24.88916667,23.83276944,26.41666667,25.58333333,23.42555556,24.65583333,22.18833333,12.79833333,15.8275,19.72333333,17.09083333,16.14583333,18.2125,15.18833333,14.90305556,14.23333333,
Caribbean small states,CSS,Lending interest rate (%),FR.INR.LEND,,,,,,,,,,,,,,,,,,,,,,,
Cuba,CUB,Lending interest rate (%),FR.INR.LEND,,,,,,,,,,,,,,,,,,,,,,,
Curacao,CUW,Lending interest rate (%),FR.INR.LEND,,,,,,,,,,,,,,,,,,,,,,,
Cayman Islands,CYM,Lending interest rate (%),FR.INR.LEND,,,,,,,,,,,,,,,,,,,,,,,
Cyprus,CYP,Lending interest rate (%),FR.INR.LEND,8.833333333,8.5,8.5,8.083333333,8,8,8,7.52,7.150833333,6.9475,7.573333333,7.0925,6.694166667,6.740833333,,,,,,,,,
Czech Republic,CZE,Lending interest rate (%),FR.INR.LEND,13.11833333,12.79916667,12.54416667,13.20416667,12.80716667,8.684166667,7.16225,7.196416667,6.724166667,5.949166667,6.0275,5.776666667,5.593666022,5.788379584,6.251708333,5.989958333,5.887833333,5.717833333,5.406723237,4.969893014,4.644905464,4.282533329,
Germany,DEU,Lending interest rate (%),FR.INR.LEND,11.47583333,10.94416667,10.0175,9.129166667,9.015,8.809166667,9.63,10.00916667,9.6975,,,,,,,,,,,,,,
Djibouti,DJI,Lending interest rate (%),FR.INR.LEND,,,11.425,10.725,11.275,11.45,11.9375,11.24625,11.285,11.5725,11.3625,11.36375,11.625,10.9375,11.38375,11.445,10.443,11.48875,11.98875,11.93625,12.69,,
Dominica,DMA,Lending interest rate (%),FR.INR.LEND,11.61049132,11.50074364,11.43033253,11.17305971,11.27256005,11.39567307,11.68080053,11.1397495,10.97289572,11.50070494,8.941440932,9.918175905,9.502401222,9.168012472,9.064046388,10.01929406,9.455013989,8.840379655,9.042981869,9.073960019,8.936633142,8.6675,
Denmark,DNK,Lending interest rate (%),FR.INR.LEND,9.95,10.325,8.7,7.725,7.9,7.125,8.075,8.2,7.1,,,,,,,,,,,,,,
Dominican Republic,DOM,Lending interest rate (%),FR.INR.LEND,28.68,30.6825,23.73416667,21.00666667,25.6425,25.045,26.79916667,24.26333333,26.055,31.39166667,32.63416667,24.10916667,19.475,15.82666667,19.945,18.13583333,12.13666667,15.55,15.4825,13.59140054,13.9025,14.87666667,
Algeria,DZA,Lending interest rate (%),FR.INR.LEND,16,18.41666667,19,15.70833333,11.5,10.75,10,9.5,8.583333333,8.125,8,8,8,8,8,8,8,8,8,8,8,8,
East Asia & Pacific (excluding high income),EAP,Lending interest rate (%),FR.INR.LEND,,,,,,,,,,,,,,,,,,,,,,,
Early-demographic dividend,EAR,Lending interest rate (%),FR.INR.LEND,,,,,,,,,,,,,,,,,,,,,,,
East Asia & Pacific,EAS,Lending interest rate (%),FR.INR.LEND,,,,,,,,,,,,,,,,,,,,,,,
Europe & Central Asia (excluding high income),ECA,Lending interest rate (%),FR.INR.LEND,,,,,,,,,,,,,,,,,,,,,,,
Europe & Central Asia,ECS,Lending interest rate (%),FR.INR.LEND,,,,,,,,,,,,,,,,,,,,,,,
Ecuador,ECU,Lending interest rate (%),FR.INR.LEND,43.99416667,55.67416667,54.5025,43.02416667,49.54833333,17.41981118,17.11837062,16.23187313,15.81301235,13.63995789,9.95007834,9.619473637,9.806361807,,,,,,,,,,
"Egypt, Arab Rep.",EGY,Lending interest rate (%),FR.INR.LEND,16.5125,16.47083333,15.58333333,13.79166667,13.01666667,12.965,13.21583333,13.29166667,13.79166667,13.53333333,13.375,13.14166667,12.6,12.50833333,12.325,11.975,11.00833325,11.03333333,12,12.29166667,11.70833333,11.625,
Euro area,EMU,Lending interest rate (%),FR.INR.LEND,,,8.8775,7.58,6.734166667,5.645833333,6.596666667,6.8275,6.135,,,,,,,,,,,,,,
Eritrea,ERI,Lending interest rate (%),FR.INR.LEND,,,,,,,,,,,,,,,,,,,,,,,
Spain,ESP,Lending interest rate (%),FR.INR.LEND,8.9475,10.04666667,8.496666667,6.0775,5.013333333,3.945,5.175833333,5.164166667,4.305833333,,,,,,,,,,,,,,
Estonia,EST,Lending interest rate (%),FR.INR.LEND,24.65416667,19.01333333,14.87416667,11.76083333,15.05833333,11.08583333,7.434354798,7.781666667,6.703996918,5.506273988,5.655272011,4.928485792,5.032191235,6.458545773,8.548630673,9.385771895,7.760177765,6.1170327,5.747075316,5.364483106,4.763612657,4.481133401,
Ethiopia,ETH,Lending interest rate (%),FR.INR.LEND,14.33333333,15.08333333,13.91666667,10.5,10.5,10.58166667,10.89166667,10.86516667,8.661,7,7,7,7,7.5,8,,,,,,,,
European Union,EUU,Lending interest rate (%),FR.INR.LEND,,,,,,,,,,,,,,,,,,,,,,,
Fragile and conflict affected situations,FCS,Lending interest rate (%),FR.INR.LEND,,,,,,,,,,,,,,,,,,,,,,,
Finland,FIN,Lending interest rate (%),FR.INR.LEND,7.913333333,7.749166667,6.156666667,5.293333333,5.349166667,4.708316667,5.606925,5.79005,4.820961737,4.13,3.688938592,,,,,,,,,,,,
Fiji,FJI,Lending interest rate (%),FR.INR.LEND,11.44166667,11.2375,11.13833333,11.02666667,9.636666667,8.765833333,8.3975,8.344166667,8.0525,7.602496948,7.169248741,6.779961,7.349962588,9.00558733,7.997269544,7.853416015,7.489647346,7.466058192,6.968052878,6.10473364,5.761124822,5.789299856,
France,FRA,Lending interest rate (%),FR.INR.LEND,7.891666667,8.116666667,6.766666667,6.341666667,6.55,6.358333333,6.7,6.975,6.6,6.6,6.6,,,,,,,,,,,,
Faroe Islands,FRO,Lending interest rate (%),FR.INR.LEND,,,,,,,,,,,,,,,,,,,,,,,
"Micronesia, Fed. Sts.",FSM,Lending interest rate (%),FR.INR.LEND,,15,15,15,15,15.165,15.33,15.33,15.275,15,15.375,16.375,15.615,14.02958333,14.37833333,15.38,15.13,14.35,14.32,14.825,15.83333333,15.93333333,
Gabon,GAB,Lending interest rate (%),FR.INR.LEND,17.5,16,22,22,22,22,22,20.66666667,18,18,18,17.66666667,15.33333333,15,,,,,,,,,
United Kingdom,GBR,Lending interest rate (%),FR.INR.LEND,5.462783333,6.693675,5.958533333,6.5634,7.23205,5.344408333,5.963891667,5.122375,4,3.695791667,4.379816667,4.648675,4.638258333,5.508708333,4.675308333,0.644866667,0.5,0.5,0.5,0.5,0.5,,
Georgia,GEO,Lending interest rate (%),FR.INR.LEND,,,58.44473846,49.7746049,35.75,29.66666667,24.66666667,22.26951893,23.57954919,23.755375,22.087125,17.55089167,17.06025833,17.08611667,18.04413333,17.86631667,15.845075,14.99516667,14.80845,13.5948916,11.90971177,12.48847546,
Ghana,GHA,Lending interest rate (%),FR.INR.LEND,,,,,,,,,,,,,,,,,,,,,,,
Gibraltar,GIB,Lending interest rate (%),FR.INR.LEND,,,,,,,,,,,,,,,,,,,,,,,
Guinea,GIN,Lending interest rate (%),FR.INR.LEND,22,21.5,,,19.5625,19.875,19.375,,,,,,,,,,,,,,,,
"Gambia, The",GMB,Lending interest rate (%),FR.INR.LEND,25,25.04166667,25.5,25.5,25.375,24,24,24,24,29.33333333,36.5,34.91666667,29.75,27.91666667,27,27,27,28,28,28,28.5,,
Guinea-Bissau,GNB,Lending interest rate (%),FR.INR.LEND,36.33333333,32.91666667,51.75,,,,,,,,,,,,,,,,,,,,
Equatorial Guinea,GNQ,Lending interest rate (%),FR.INR.LEND,17.5,16,22,22,22,22,22,20.66666667,18,18,18,17.66666667,15.33333333,15,,,,,,,,,
Greece,GRC,Lending interest rate (%),FR.INR.LEND,27.44166667,23.05,20.95833333,18.91666667,18.55833333,15,12.31666667,8.585,7.413333333,6.785833333,,,,,,,,,,,,,
Grenada,GRD,Lending interest rate (%),FR.INR.LEND,11.02805327,11.07534586,9.991983755,11.23597899,11.73247743,11.62117323,11.59919756,10.18672119,11.30922858,12.04821516,10.18484238,10.06507926,9.852301654,9.755943172,9.52898493,10.99305348,10.57501309,10.68597901,9.725900007,9.270206825,9.185980402,8.96125,
Greenland,GRL,Lending interest rate (%),FR.INR.LEND,,,,,,,,,,,,,,,,,,,,,,,
Guatemala,GTM,Lending interest rate (%),FR.INR.LEND,22.93333333,21.15833333,22.71666667,18.6375,16.56416667,19.51166667,20.88166667,18.9575,16.86416667,14.97833333,13.81083333,13.03333333,12.7625,12.83666667,13.39166667,13.84916667,13.34166667,13.43,13.48666667,13.5975,13.77333333,13.2275,
Guam,GUM,Lending interest rate (%),FR.INR.LEND,,,,,,,,,,,,,,,,,,,,,,,
Guyana,GUY,Lending interest rate (%),FR.INR.LEND,18.36083333,19.22,17.79333333,17.04416667,16.7675,17.10833333,17.30166667,17.0075,16.325,14.99190476,14.54166667,14.54083333,14.54097222,14.61083333,14.5825,14.54140833,14.5417,14.45140278,13.86111111,13.5,12.83333333,12.83333056,
High income,HIC,Lending interest rate (%),FR.INR.LEND,,,,,,,,,,,,,,,,,,,,,,,
"Hong Kong SAR, China",HKG,Lending interest rate (%),FR.INR.LEND,8.5,8.75,8.5,9.5,9,8.5,9.5,5.125,5,5,5,7.75,7.75,6.75,5,5,5,5,5,5,5,5,
Honduras,HND,Lending interest rate (%),FR.INR.LEND,24.675,26.95,29.74166667,32.06666667,30.6925,30.1525,26.82416667,23.76416667,22.69142781,20.80413361,19.87640018,18.83108333,17.43666667,16.605,17.93666667,19.445,18.86466417,18.55753167,18.45069917,20.08086667,20.61221833,20.65756667,
Heavily indebted poor countries (HIPC),HPC,Lending interest rate (%),FR.INR.LEND,,,,,,,,,,,,,,,,,,,,,,,
Croatia,HRV,Lending interest rate (%),FR.INR.LEND,22.91085833,20.24333333,22.515,15.4675,15.7525,14.94416667,12.07333333,9.549166667,12.84,11.57666667,11.74523333,11.19111667,9.933333333,9.330833333,10.06916667,11.55416667,10.37666667,9.684166667,9.480833333,9.246666667,,,
Haiti,HTI,Lending interest rate (%),FR.INR.LEND,,24.75,38.25,27.16666667,30,28.75,31.41666667,34,34.16666667,44.20833333,48,22.25,26.36666667,23.08333333,17.81083333,17.32916667,17.48166667,11.61,8.934166667,8.7225,10.77333333,12.92333333,
Hungary,HUN,Lending interest rate (%),FR.INR.LEND,27.4,32.60833333,27.30833333,21.76666667,19.275,16.34166667,12.6,12.11666667,10.1688765,9.603423915,12.82452602,8.540945327,8.079414988,9.085947496,10.18166774,11.03686222,7.586925113,8.320381666,9.001544511,6.303912354,4.447534327,2.90249069,
IBRD only,IBD,Lending interest rate (%),FR.INR.LEND,,,,,,,,,,,,,,,,,,,,,,,
IDA & IBRD total,IBT,Lending interest rate (%),FR.INR.LEND,,,,,,,,,,,,,,,,,,,,,,,
IDA total,IDA,Lending interest rate (%),FR.INR.LEND,,,,,,,,,,,,,,,,,,,,,,,
IDA blend,IDB,Lending interest rate (%),FR.INR.LEND,,,,,,,,,,,,,,,,,,,,,,,
Indonesia,IDN,Lending interest rate (%),FR.INR.LEND,17.76,18.85166667,19.2175,21.8175,32.15416667,27.6625,18.455,18.5475,18.945,16.935,14.12416667,14.05083333,15.97916667,13.86166667,13.59833333,14.49833333,13.25166667,12.40333333,11.795,11.6575,12.605,12.6625,
IDA only,IDX,Lending interest rate (%),FR.INR.LEND,,,,,,,,,,,,,,,,,,,,,,,
Isle of Man,IMN,Lending interest rate (%),FR.INR.LEND,,,,,,,,,,,,,,,,,,,,,,,
India,IND,Lending interest rate (%),FR.INR.LEND,14.75,15.45833333,15.95833333,13.83333333,13.54166667,12.54166667,12.29166667,12.08333333,11.91666667,11.45833333,10.91666667,10.75,11.1875,13.02083333,13.3125,12.1875,8.33335,10.16666667,10.60416667,10.29166667,10.25,10.00833333,
Not classified,INX,Lending interest rate (%),FR.INR.LEND,,,,,,,,,,,,,,,,,,,,,,,
Ireland,IRL,Lending interest rate (%),FR.INR.LEND,6.134583333,6.5575,5.849166667,6.57,6.219166667,3.343333333,4.770833333,4.835833333,3.833333333,2.845833333,2.565833333,2.6475,,,,,,,,,,,
"Iran, Islamic Rep.",IRN,Lending interest rate (%),FR.INR.LEND,,,,,,,,,,,16.65,16,14,12,12,12,12,11,11,11,14,,
Iraq,IRQ,Lending interest rate (%),FR.INR.LEND,,,,,,,,,,,13.28416667,13.65166667,14.48333333,19.46666667,19.495,15.62833333,13.32583333,13.60666667,13.03416667,13.12583333,,,
Iceland,ISL,Lending interest rate (%),FR.INR.LEND,10.56666667,11.58333333,12.43333333,12.89166667,12.78333333,13.3,16.8,17.95,15.36666667,11.95,12.01666667,14.77752866,17.90897982,19.29081428,20.143333,18.98765872,10.2570287,7.698072473,8.324338772,8.151666667,7.7425,7.61,
Israel,ISR,Lending interest rate (%),FR.INR.LEND,,19.946,20.534,18.076,17.574,15.290984,11.4991983,8.568603,11.8326008,8.4608048,7.1105114,7.5500477,7.7630427,6.9138938,5.7439939,4.3758469,5.2510299,5.9216952,5.2274606,4.194552422,3.586613178,3.448552608,
Italy,ITA,Lending interest rate (%),FR.INR.LEND,11.98383333,13.236,12.81833333,10.50948333,8.643108333,6.345525,7.022741667,7.28775,6.536508333,5.83035,5.506166667,5.313935,5.621779167,6.3347,6.83731,4.756666667,4.031666667,4.599166667,5.2225,5.144166667,4.866666667,4.12925,
Jamaica,JAM,Lending interest rate (%),FR.INR.LEND,49.4575,43.57666667,39.83416667,32.86416667,31.5875,27.005,23.34833333,20.6075,18.50166667,18.88666667,18.1375,17.36083333,17.6425,17.1975,16.82583333,16.4320116,20.4544536,19.50927929,17.62827224,17.71645756,17.21700864,16.97650582,
Jordan,JOR,Lending interest rate (%),FR.INR.LEND,10.445,10.6625,11.2475,12.25,12.60916667,12.32583333,11.79916667,10.93583333,10.17916667,9.296666667,8.256666667,7.606666667,8.178333333,8.676666667,9.0275,9.246666667,9.024166667,8.713333333,8.780833333,9.01,8.99,8.476666667,
Japan,JPN,Lending interest rate (%),FR.INR.LEND,4.133416667,3.505833333,2.657583333,2.448833333,2.320916667,2.160833333,2.067166667,1.969416667,1.864916667,1.822083333,1.766583333,1.676916667,1.664833333,1.88325,1.9095,1.723333333,1.598333333,1.500916667,1.4075,1.30375,1.219166667,,
Kazakhstan,KAZ,Lending interest rate (%),FR.INR.LEND,,,,,,,,,,,,,,,,,,,,,,,
Kenya,KEN,Lending interest rate (%),FR.INR.LEND,36.24,28.79583333,33.78666667,30.245,29.49,22.38,22.33916667,19.66583333,18.45333333,16.57333333,12.53166667,12.8825,13.63553391,13.34034368,14.01693938,14.80454124,14.3715,15.04675999,19.72340665,17.31345769,16.51393071,16.08661379,
Kyrgyz Republic,KGZ,Lending interest rate (%),FR.INR.LEND,,,65.02,49.38,73.44,60.86,51.9,37.33,24.81,19.13,29.27,26.6,23.2,25.83,25.69,26.35514834,23.10862148,25.27460672,23.89862506,21.72713217,22.36143134,24.24535385,
Cambodia,KHM,Lending interest rate (%),FR.INR.LEND,,,,,,,,,,,,,,,,,,,,,,,
Kiribati,KIR,Lending interest rate (%),FR.INR.LEND,,,,,,,,,,,,,,,,,,,,,,,
St. Kitts and Nevis,KNA,Lending interest rate (%),FR.INR.LEND,10.94382387,10.89117511,10.92491209,11.16485255,11.42199003,11.2084936,11.10372304,11.07636675,10.89311858,12.21640644,10.2524674,10.0349577,9.300752817,9.278149524,8.702346054,8.752311613,8.61681004,9.445087914,8.733988854,8.776353612,9.281492191,9.29675,
"Korea, Rep.",KOR,Lending interest rate (%),FR.INR.LEND,8.5,9,8.84,11.87666667,15.27916667,9.395833333,8.545,7.708333333,6.769166667,6.236666667,5.904166667,5.593333333,5.9875,6.551666667,7.168333333,5.649166667,5.511666667,5.7575,5.395833333,4.643333333,4.263333333,3.533333333,
Kosovo,KSV,Lending interest rate (%),FR.INR.LEND,,,,,,,,,,,14.77059256,14.00366627,14.56757006,14.05603713,13.78533918,14.0869,13.97,13.3,12.24,10.9,9.29,7.69,
Kuwait,KWT,Lending interest rate (%),FR.INR.LEND,7.608333333,8.369166667,8.770833333,8.796666667,8.933333333,8.561666667,8.866666667,7.884275,6.482208333,5.416858333,5.636633333,7.498258333,8.57895,8.536283333,7.612991667,6.157775,4.911641667,5.193091667,4.983791667,4.561308333,4.26845,4.276483333,
Latin America & Caribbean (excluding high income),LAC,Lending interest rate (%),FR.INR.LEND,,,,,,,,,,,,,,,,,,,,,,,
Lao PDR,LAO,Lending interest rate (%),FR.INR.LEND,24,25.67,27,,29.27833333,32,32,26.16666667,29.33333333,30.5,29.25,26.83333333,30,28.5,24,24.775,22.6125,,,,,,
Lebanon,LBN,Lending interest rate (%),FR.INR.LEND,23.88416667,24.69083333,25.20833333,20.29,,19.47833333,18.15083333,17.18916667,16.5825,13.43166667,10.80833333,10.64,10.26,10.25583333,9.964166667,9.568333333,8.336666667,7.5275,7.249166667,7.348333333,7.274166667,7.090833333,
Liberia,LBR,Lending interest rate (%),FR.INR.LEND,14.525,15.56666667,,16.825,21.73833333,16.71916667,20.52666667,22.14,20.205,17.05666667,18.0952325,17.03333333,15.5025,15.04615123,14.39802886,14.18666667,14.2425,13.75083333,13.51833333,13.48939298,13.50166667,13.60666667,
Libya,LBY,Lending interest rate (%),FR.INR.LEND,,,,,,7,7,7,7,7,6.083333333,6.125,6.333333333,6,6,6,6,6,6,6,6,,
St. Lucia,LCA,Lending interest rate (%),FR.INR.LEND,11.05966183,12.68274848,12.82145618,12.68177213,11.40382054,12.79147688,13.06295749,12.97286829,12.58749725,14.99724221,11.07078162,10.60530455,10.78399508,10.1219068,10.08493104,10.58201112,10.61653886,10.00205043,9.50031902,9.075214298,8.997742389,8.856,
Latin America & Caribbean,LCN,Lending interest rate (%),FR.INR.LEND,,,,,,,,,,,,,,,,,,,,,,,
Least developed countries: UN classification,LDC,Lending interest rate (%),FR.INR.LEND,,,,,,,,,,,,,,,,,,,,,,,
Low income,LIC,Lending interest rate (%),FR.INR.LEND,,,,,,,,,,,,,,,,,,,,,,,
Liechtenstein,LIE,Lending interest rate (%),FR.INR.LEND,,,,,,,,,,,,,,,,,,,,,,,
Sri Lanka,LKA,Lending interest rate (%),FR.INR.LEND,18.12916667,18.0375,,,,,,12,11,7.25,7.75,10.25,10.5,16.5,16.5,10.5,9.5,8.5,10.5,9.14,8,8,
Lower middle income,LMC,Lending interest rate (%),FR.INR.LEND,,,,,,,,,,,,,,,,,,,,,,,
Low & middle income,LMY,Lending interest rate (%),FR.INR.LEND,,,,,,,,,,,,,,,,,,,,,,,
Lesotho,LSO,Lending interest rate (%),FR.INR.LEND,14.25,16.375,17.70833333,18.03333333,20.0625,19.0625,17.11166667,16.55416667,17.11,16.015,12.375,11.71666667,12.16083333,14.13166667,16.18694444,13,11.2225,10.42916667,10.11916667,9.92,10.33944444,10.59083333,
Late-demographic dividend,LTE,Lending interest rate (%),FR.INR.LEND,,,,,,,,,,,,,,,,,,,,,,,
Lithuania,LTU,Lending interest rate (%),FR.INR.LEND,62.295,27.08083333,21.56,14.3925,12.20583333,13.085,12.14083333,9.630833333,6.8425,5.843333333,5.743333333,5.271666667,5.113333333,6.8625,8.409166667,8.393333333,5.989166667,,,,,,
Luxembourg,LUX,Lending interest rate (%),FR.INR.LEND,6.583333333,6.5,5.5,5.5,5.270833333,,,,,,,,,,,,,,,,,,
Latvia,LVA,Lending interest rate (%),FR.INR.LEND,55.85833333,34.56333333,25.77916667,15.24666667,14.29166667,14.20166667,11.86833333,11.16583333,7.968333333,5.380833333,7.448333333,6.106666667,7.2925,10.90916667,11.8525,16.23,9.558333333,6.388333333,5.5175,5.923333333,,,
"Macao SAR, China",MAC,Lending interest rate (%),FR.INR.LEND,7.953358333,9.901866667,9.557083333,9.7267,10.973125,9.45675,9.890125,7.988566667,6.107862903,6,6.012096774,7.047715054,8.759436358,7.80848393,5.426666667,5.25,5.25,5.25,5.25,5.25,5.25,5.25,
St. Martin (French part),MAF,Lending interest rate (%),FR.INR.LEND,,,,,,,,,,,,,,,,,,,,,,,
Morocco,MAR,Lending interest rate (%),FR.INR.LEND,10,11.3125,11.75,11.75,13.5,13.5,13.3125,13.25,13.125,12.5625,11.5,11.5,,,,,,,,,,,
Monaco,MCO,Lending interest rate (%),FR.INR.LEND,,,,,,,,,,,,,,,,,,,,,,,
Moldova,MDA,Lending interest rate (%),FR.INR.LEND,,,36.66666667,33.325,30.825,35.535,33.77666667,28.69416667,23.52166667,19.28916667,20.93833333,19.26083333,18.12833333,18.825,21.06416667,20.54416667,16.36,14.43804379,13.41815434,12.29416667,11.0125,14.14924417,
Madagascar,MDG,Lending interest rate (%),FR.INR.LEND,30.5,37.5,32.75,30,27,28,26.5,25.25,25.25,24.25,25.5,27,29.5,45,45,45,49,52.5,60,60,60,60,
Maldives,MDV,Lending interest rate (%),FR.INR.LEND,,,15,15,15,12.5,13,13,13.54166667,14,13,13,13,13,13,13,10.37605,10.19722195,10.4838045,11.14190737,11.41744656,11.10124634,
Middle East & North Africa,MEA,Lending interest rate (%),FR.INR.LEND,,,,,,,,,,,,,,,,,,,,,,,
Mexico,MEX,Lending interest rate (%),FR.INR.LEND,19.3,59.43166667,36.38583333,22.14,26.35833333,23.7425,16.92833333,12.795,8.210833333,7.0225,7.438333333,9.695,7.511834781,7.560833333,8.705767857,7.074166667,5.286666667,4.915833333,4.730833333,4.248333333,3.551666667,3.4225,
Marshall Islands,MHL,Lending interest rate (%),FR.INR.LEND,,,,,,,,,,,,,,,,,,,,,,,
Middle income,MIC,Lending interest rate (%),FR.INR.LEND,,,,,,,,,,,,,,,,,,,,,,,
"Macedonia, FYR",MKD,Lending interest rate (%),FR.INR.LEND,159.82,45.94833333,21.58333333,21.41666667,21.03333333,20.44833333,18.92916667,19.35,18.36333333,16.00083333,12.44166667,12.13333333,11.29166667,10.23333333,9.683333333,10.07338086,9.483333333,8.868461255,8.495124184,8.043156284,7.456609104,7.079158056,
Mali,MLI,Lending interest rate (%),FR.INR.LEND,,,,,,,,,,,,,,,,,,,,,,,
Malta,MLT,Lending interest rate (%),FR.INR.LEND,8.5,7.3775,7.766666667,7.991666667,8.085,7.699166667,7.275833333,6.898333333,6.038333333,5.85,5.324166667,5.508333333,5.654166667,6.238333333,5.888333333,4.470833333,4.6,4.745833333,4.7025,,,,
Myanmar,MMR,Lending interest rate (%),FR.INR.LEND,16.5,16.5,16.5,16.5,16.5,16.125,15.25,15,15,15,15,15,16.08333333,17,17,17,17,16.33333333,13,13,13,13,
Middle East & North Africa (excluding high income),MNA,Lending interest rate (%),FR.INR.LEND,,,,,,,,,,,,,,,,,,,,,,,
Montenegro,MNE,Lending interest rate (%),FR.INR.LEND,,,,,,,,,,,,,11.15416667,9.2025,9.238333333,9.359166667,9.53,9.686666667,9.5625,9.39,9.4125,8.933333333,
Mongolia,MNG,Lending interest rate (%),FR.INR.LEND,279.2233333,134.3716667,87.91,82.05166667,48.0625,44.00833333,36.95269295,37.35,35.51666667,31.90666667,31.47333333,30.57083333,26.93454961,21.82833333,20.58333333,21.66696335,20.06878016,16.60943645,18.11381443,18.48202279,19.02543062,19.56271702,
Northern Mariana Islands,MNP,Lending interest rate (%),FR.INR.LEND,,,,,,,,,,,,,,,,,,,,,,,
Mozambique,MOZ,Lending interest rate (%),FR.INR.LEND,,,,,24.3525,19.63,19.03916667,22.72916667,26.70833333,24.69,22.075,19.46716667,18.56133333,19.51733333,18.31,15.67566667,16.26266667,19.09960595,16.81354167,15.32060185,14.79791667,14.8665,
Mauritania,MRT,Lending interest rate (%),FR.INR.LEND,18.16666667,20.33333333,22,22,25.5,28,25.58333333,22.5,21,21,21,23.08333333,24,23.5,20.33333333,19.5,17,17,17,,,,
Mauritius,MUS,Lending interest rate (%),FR.INR.LEND,18.91666667,20.8125,20.8125,18.91666667,19.91666667,21.625,20.77083333,21.10416667,21,21,21,21.04166667,21.08333333,21.87416667,11.54166667,9.25,8.875,8.916666667,8.666666667,8.5,8.5,8.5,
Malawi,MWI,Lending interest rate (%),FR.INR.LEND,31,47.33333333,45.33333333,28.25,37.66666667,53.58333333,53.125,56.16666667,50.54166667,48.91666667,36.83333333,33.08333333,32.25,27.71527778,25.27777778,25.25,24.625,23.75,32.32986111,46.01117424,44.28958333,44.38721591,
Malaysia,MYS,Lending interest rate (%),FR.INR.LEND,8.764166667,8.73,9.943333333,10.62833333,12.13416667,8.563333333,7.673333333,7.126666667,6.528333333,6.300833333,6.045833333,5.9525,6.485833333,6.409166667,6.08,5.084166667,5,4.915,4.785833333,4.6125,4.586901235,4.58531358,
North America,NAC,Lending interest rate (%),FR.INR.LEND,,,,,,,,,,,,,,,,,,,,,,,
Namibia,NAM,Lending interest rate (%),FR.INR.LEND,17.05333333,18.50833333,19.16,20.17916667,20.71916667,18.48416667,15.27833333,14.53166667,13.8375,14.70083333,11.38916667,10.61,11.18083333,12.88416667,13.73666667,11.11833333,9.72,8.73,8.651875,8.289166667,8.699166667,9.324166667,
New Caledonia,NCL,Lending interest rate (%),FR.INR.LEND,,,,,,,,,,,,,,,,,,,,,,,
Niger,NER,Lending interest rate (%),FR.INR.LEND,,,,,,,,,,,,,,,,,,,,,,,
Nigeria,NGA,Lending interest rate (%),FR.INR.LEND,20.48333333,20.23333333,19.83666667,17.795,18.18416667,20.29,21.27416667,23.43833333,24.77083333,20.71416667,19.18083333,17.94833333,16.9,16.93916667,15.47983333,18.36166667,17.585,16.01666667,16.7925,16.7225,16.54833333,16.84883268,
Nicaragua,NIC,Lending interest rate (%),FR.INR.LEND,20.13916667,19.89,20.71583333,21.0175,21.62810833,17.57416667,18.143253,18.55305215,18.2951854,15.54921902,13.49143645,12.10136045,11.57579373,13.04146496,13.16935036,14.04467463,13.31996686,10.53783509,11.99430816,14.98460189,13.53794136,12.05235462,
Netherlands,NLD,Lending interest rate (%),FR.INR.LEND,8.291666667,7.208333333,5.895833333,6.125,6.5,3.458333333,4.791666667,5,3.958333333,3,2.75,2.770833333,3.541666667,4.604166667,4.604166667,1.983333333,1.75,2,1.625,,,,
Norway,NOR,Lending interest rate (%),FR.INR.LEND,8.38,7.6,6.68,6,9.8,7.61,8.93,8.69,8.71,4.73,4.04,4.04,4.7,6.647344589,7.278970292,4.28,,,,,,,
Nepal,NPL,Lending interest rate (%),FR.INR.LEND,,,12.875,14.54166667,14,11.33333333,9.458333333,7.666666667,6.770833333,7.416666667,8.5,8.125,8,8,8,8,8,,,,,,
Nauru,NRU,Lending interest rate (%),FR.INR.LEND,,,,,,,,,,,,,,,,,,,,,,,
New Zealand,NZL,Lending interest rate (%),FR.INR.LEND,,,,,,7.052005663,7.81455132,7.595094659,7.175853507,6.996775601,7.102148017,7.762560162,8.192156146,8.612206614,8.938532681,6.656759796,6.255454248,6.108832515,5.82383752,5.5330696,5.804166667,5.7625,
OECD members,OED,Lending interest rate (%),FR.INR.LEND,,,,,,,,,,,,,,,,,,,,,,,
Oman,OMN,Lending interest rate (%),FR.INR.LEND,8.566,9.376,9.233,9.297,10.089,10.318,10.06,9.234,8.549,8.234,7.57,7.066,7.404,7.285,7.099,7.442,6.835,6.189,5.651,5.409,5.083,4.762,
Other small states,OSS,Lending interest rate (%),FR.INR.LEND,,,,,,,,,,,,,,,,,,,,,,,
Pakistan,PAK,Lending interest rate (%),FR.INR.LEND,,,,,,,,,,,,,,,,,,,,,,,
Panama,PAN,Lending interest rate (%),FR.INR.LEND,10.1525,11.095,10.6175,10.63083333,10.81833333,10.05,10.47916667,10.97166667,10.5825,9.925833333,8.823333333,8.665,8.388333333,8.25,8.163375659,8.247740085,7.735,6.905833333,6.91,6.594166667,6.83,7.455833333,
Peru,PER,Lending interest rate (%),FR.INR.LEND,55.3475,36.155,31.53333333,30.91166667,32.62666667,35.05666667,29.99583333,24.97833333,20.76535729,21.01566497,24.67456406,25.53383577,23.93333333,22.85564806,23.6734449,21.04192333,18.97686833,18.677925,19.23690833,18.13925,15.74331667,16.10582778,
Philippines,PHL,Lending interest rate (%),FR.INR.LEND,15.05683333,14.68216667,14.83975,16.27575,16.77741667,11.77625,10.90725,12.40158333,9.1385,9.471666667,10.079,10.18491667,9.778666667,8.691416667,8.751083333,8.566166667,7.672666667,6.66325,5.6795,5.766833333,5.525916667,5.57825,
Palau,PLW,Lending interest rate (%),FR.INR.LEND,,,,,,,,,,,,,,,,,,,,,,,
Papua New Guinea,PNG,Lending interest rate (%),FR.INR.LEND,9.16,13.14083333,13.30333333,10.44916667,17.70416667,18.89583333,17.5425,16.2075,13.88916667,13.35583333,13.25083333,11.46916667,10.56666667,9.7775,9.196666667,10.09416667,10.44583333,10.80833333,10.815,10.13,9.375833333,8.7325,
Poland,POL,Lending interest rate (%),FR.INR.LEND,41.97229299,33.45,26.075,25.20536678,24.47922528,16.93666667,20.005,18.36,12.03189669,7.303802336,7.56468083,6.831298668,5.484243955,,,,,,,,,,
Pre-demographic dividend,PRE,Lending interest rate (%),FR.INR.LEND,,,,,,,,,,,,,,,,,,,,,,,
Puerto Rico,PRI,Lending interest rate (%),FR.INR.LEND,,,,,,,,,,,,,,,,,,,,,,,
"Korea, Dem. People?s Rep.",PRK,Lending interest rate (%),FR.INR.LEND,,,,,,,,,,,,,,,,,,,,,,,
Portugal,PRT,Lending interest rate (%),FR.INR.LEND,15.00833333,13.8,11.73333333,9.15,7.24,5.189166667,,,,,,,,,,,,,,,,,
Paraguay,PRY,Lending interest rate (%),FR.INR.LEND,35.4675,33.94416667,31.88333333,27.78666667,30.4875,30.20833333,26.78166667,28.25333333,38.65546336,49.9895008,33.54430813,29.90992797,30.14285804,25.02496179,25.80750112,28.25720343,26.0357468,17.39805402,17.15846732,19.27057315,21.18606778,19.73585618,
Pacific island small states,PSS,Lending interest rate (%),FR.INR.LEND,,,,,,,,,,,,,,,,,,,,,,,
Post-demographic dividend,PST,Lending interest rate (%),FR.INR.LEND,,,,,,,,,,,,,,,,,,,,,,,
French Polynesia,PYF,Lending interest rate (%),FR.INR.LEND,,,,,,,,,,,,,,,,,,,,,,,
Qatar,QAT,Lending interest rate (%),FR.INR.LEND,8.8625,,,,,,,,,,6.99,6.651666667,7.18,7.428333333,6.844166667,7.044166667,7.271447981,5.487058673,5.38110455,5.112674134,4.963923611,4.435962126,
Romania,ROU,Lending interest rate (%),FR.INR.LEND,90.39166667,50.71666667,55.13333333,72.525,55.31666667,65.64166667,53.85,45.4,35.425,25.435,25.6125,19.60083333,13.98166667,13.34833333,14.98833333,17.275,14.0725,12.1275,11.32916667,10.5225,8.465833333,6.7675,
Russian Federation,RUS,Lending interest rate (%),FR.INR.LEND,,320.3083333,146.8083333,32.04166667,41.79166667,39.71666667,24.43333333,17.90833333,15.7,12.975,11.44166667,10.68333333,10.425,10.03333333,12.225,15.30833333,10.81666667,8.458333333,9.1,9.466666667,11.14166667,15.71666667,
Rwanda,RWA,Lending interest rate (%),FR.INR.LEND,,,18.54,16.22,17.13,16.84,16.99,17.29,16.37,17.05,16.48,16.08,16.07,16.11,16.51,15.77,16.94,16.73,16.49,16.93,17.66,17.03,
South Asia,SAS,Lending interest rate (%),FR.INR.LEND,,,,,,,,,,,,,,,,,,,,,,,
Saudi Arabia,SAU,Lending interest rate (%),FR.INR.LEND,,,,,,,,,,,,,,,,,,,,,,,
Sudan,SDN,Lending interest rate (%),FR.INR.LEND,,,,,,,,,,,,,,,,,,,,,,,
Senegal,SEN,Lending interest rate (%),FR.INR.LEND,,,,,,,,,,,,,,,,,,,,,,,
Singapore,SGP,Lending interest rate (%),FR.INR.LEND,5.878333333,6.369166667,6.26,6.3225,7.441666667,5.8,5.833333333,5.648333333,5.345833333,5.306666667,5.3,5.3,5.3125,5.33,5.38,5.38,5.38,5.38,5.38,5.38,5.35,5.35,
Solomon Islands,SLB,Lending interest rate (%),FR.INR.LEND,14.5,16.17402909,16.68731464,15.67428944,14.99803082,14.44894551,14.5771791,14.55278538,14.62475773,14.70128254,14.2921263,14.11672179,13.92166194,14.12109886,14.43583333,15.26333333,14.43365833,13.17238709,11.27888202,10.77394761,10.90995219,10.47824631,
Sierra Leone,SLE,Lending interest rate (%),FR.INR.LEND,27.33333333,28.83333333,32.1225,23.8675,23.83333333,26.83333333,26.25,24.265,22.16666667,20,22.08333333,24.58333333,24,25,24.5,22.16666667,21.25,21,21,20.56,19.41166667,18.73,
El Salvador,SLV,Lending interest rate (%),FR.INR.LEND,,,,,,,,,,,,,,,,,,,,,,,
San Marino,SMR,Lending interest rate (%),FR.INR.LEND,15,15.225,14.45,11.425,9.525,7.925,9.2,8.8,7.95,7.4875,7.1375,7.175,6.709244,7.5825,7.8925,5.7425,5.3825,5.92,,,,,
Somalia,SOM,Lending interest rate (%),FR.INR.LEND,,,,,,,,,,,,,,,,,,,,,,,
Serbia,SRB,Lending interest rate (%),FR.INR.LEND,,,,77.97,60.86093434,46.06113292,6.3,34.5,19.71462115,15.48138457,15.52693408,16.83173462,16.56,11.13,16.1267,11.78,17.3,17.17,18.2,17.07,14.81,,
Sub-Saharan Africa (excluding high income),SSA,Lending interest rate (%),FR.INR.LEND,,,,,,,,,,,,,,,,,,,,,,,
South Sudan,SSD,Lending interest rate (%),FR.INR.LEND,,,,,,,,,,,,,,,,,,,14.7081919,14.1,12.70967267,12.54613748,
Sub-Saharan Africa,SSF,Lending interest rate (%),FR.INR.LEND,,,,,,,,,,,,,,,,,,,,,,,
Small states,SST,Lending interest rate (%),FR.INR.LEND,,,,,,,,,,,,,,,,,,,,,,,
Sao Tome and Principe,STP,Lending interest rate (%),FR.INR.LEND,30,52,38,51.5,55.58333333,40.33333333,39.66666667,37,37.41666667,29.59,29.77,31.19777778,29.3,32.4,32.4,31.10833333,28.87497222,26.95,26.16805556,23.28,15.89832937,,
Suriname,SUR,Lending interest rate (%),FR.INR.LEND,15.375,40.175,35.775,33.125,27.5,27.325,28.95,25.725,22.18333333,21.04166667,20.44166667,17.4,15.64166667,13.76666667,12.2,11.65,11.59054306,11.76110903,11.74166667,11.98333333,12.28333333,12.61666667,
Slovak Republic,SVK,Lending interest rate (%),FR.INR.LEND,14.55916667,16.845,13.915,18.65166667,21.16666667,21.07083333,14.89,11.24,10.25,8.459166667,9.07,6.675,7.673333333,7.989166667,5.747916667,,,,,,,,
Slovenia,SVN,Lending interest rate (%),FR.INR.LEND,38.8675,23.35916667,22.59916667,20.02416667,16.085,12.37583333,15.7675,15.05,13.17083333,10.75,8.65,7.8,7.408333333,5.9125,6.658333333,5.949166667,,,,,,,
Sweden,SWE,Lending interest rate (%),FR.INR.LEND,10.64,11.11,7.38,7.01,5.94,5.53,5.83,5.55,5.64,4.79,4,3.314,,,,,,,,,,,
Swaziland,SWZ,Lending interest rate (%),FR.INR.LEND,14.25,17.05416667,18.66666667,19.5,19.5,17.41666667,14,13.25,15.25,14.625,11.29166667,10.625,11.16666667,13.16666667,14.83333333,11.375,9.75,9,8.75,8.5,8.625,9.041666667,
Sint Maarten (Dutch part),SXM,Lending interest rate (%),FR.INR.LEND,,,,,,,,,,,,,,,,,,,,,,,
Seychelles,SYC,Lending interest rate (%),FR.INR.LEND,15.71666667,15.76083333,16.21583333,14.88083333,14.30255833,11.1707025,10.737,10.62534167,10.58753333,10.615875,9.99165,9.769033333,10.04996667,10.8936722,11.80777072,15.34725161,12.70264981,11.18993449,12.19118576,12.28683447,11.64816842,12.35502482,
Syrian Arab Republic,SYR,Lending interest rate (%),FR.INR.LEND,9,9,9,9,9,9,9,9,9,7.5,7.5,8,8,10.17,10.1880127,10.00577761,9.9009,,,,,,
Turks and Caicos Islands,TCA,Lending interest rate (%),FR.INR.LEND,,,,,,,,,,,,,,,,,,,,,,,
Chad,TCD,Lending interest rate (%),FR.INR.LEND,17.5,16,22,22,22,22,22,20.66666667,18,18,18,17.66666667,15.33333333,15,,,,,,,,,
East Asia & Pacific (IDA & IBRD countries),TEA,Lending interest rate (%),FR.INR.LEND,,,,,,,,,,,,,,,,,,,,,,,
Europe & Central Asia (IDA & IBRD countries),TEC,Lending interest rate (%),FR.INR.LEND,,,,,,,,,,,,,,,,,,,,,,,
Togo,TGO,Lending interest rate (%),FR.INR.LEND,,,,,,,,,,,,,,,,,,,,,,,
Thailand,THA,Lending interest rate (%),FR.INR.LEND,10.89583333,13.25,13.39583333,13.64583333,14.41666667,8.979166667,7.833333333,7.25,6.875,5.9375,5.5,5.791666667,7.354166667,7.05,7.041666667,5.9625,5.935,6.914166667,7.0975,6.958333333,6.771666667,6.563333333,
Tajikistan,TJK,Lending interest rate (%),FR.INR.LEND,,,,75.52,50.89,26.235,25.59,21.05,14.21083333,16.72833333,20.3146154,23.28486802,24.155,22.96,23.5944101,22.61583333,23.39962361,22.46166667,21.09333333,24.33416667,24.53123634,25.83626016,
Turkmenistan,TKM,Lending interest rate (%),FR.INR.LEND,,,,,,,,,,,,,,,,,,,,,,,
Latin America & the Caribbean (IDA & IBRD countries),TLA,Lending interest rate (%),FR.INR.LEND,,,,,,,,,,,,,,,,,,,,,,,
Middle East & North Africa (IDA & IBRD countries),TMN,Lending interest rate (%),FR.INR.LEND,,,,,,,,,,,,,,,,,,,,,,,
Timor-Leste,TLS,Lending interest rate (%),FR.INR.LEND,,,,,,,,,,16.65852438,15.53910321,16.65331759,16.549556,15.04658814,13.10989918,11.16530138,11.02887753,11.0429658,12.21026992,12.4128209,12.86648572,13.4977926,
Tonga,TON,Lending interest rate (%),FR.INR.LEND,10.359955,10.47330864,10.92364445,11.15110337,11.25221739,11.3652043,11.33719849,11.34197367,11.39741394,11.34363387,11.5885182,11.38116873,11.97295317,12.16366461,12.45787603,12.46618846,11.53560797,11.37193906,10.02569306,9.663251452,8.949835338,8.328425429,
South Asia (IDA & IBRD),TSA,Lending interest rate (%),FR.INR.LEND,,,,,,,,,,,,,,,,,,,,,,,
Sub-Saharan Africa (IDA & IBRD countries),TSS,Lending interest rate (%),FR.INR.LEND,,,,,,,,,,,,,,,,,,,,,,,
Trinidad and Tobago,TTO,Lending interest rate (%),FR.INR.LEND,15.97916667,15.16666667,15.79166667,15.33333333,17.33333333,17.04166667,16.5,15.66666667,12.47916667,11.16666667,9.3125,9.104166667,10.9175,11.75,12.4375,11.9375,9.2825,7.969166667,7.708333333,7.5,7.5,8.1825,
Tunisia,TUN,Lending interest rate (%),FR.INR.LEND,,,,,,,,,,,,,,,,,,,,,,,
Turkey,TUR,Lending interest rate (%),FR.INR.LEND,,,,,,,,,,,,,,,,,,,,,,,
Tuvalu,TUV,Lending interest rate (%),FR.INR.LEND,,,,,,,,,,,,,,,,,,,,,,,
Tanzania,TZA,Lending interest rate (%),FR.INR.LEND,39,42.83333333,33.965,26.27,22.8925,21.89416667,21.5775,20.05726141,16.39824076,14.51696089,14.14031947,15.24894872,15.65209779,16.07036615,14.98213468,15.03048182,14.5459147,14.96187317,15.46046414,15.83487943,16.26413585,16.10432422,
Uganda,UGA,Lending interest rate (%),FR.INR.LEND,,20.1625,20.29416667,21.37083333,20.86166667,21.54916667,22.9197575,22.655,19.09717823,18.94214089,20.60317574,19.6453884,18.6973348,19.10574548,20.4500661,20.95516578,20.17463013,21.83318937,26.31136912,23.25140199,21.52754211,22.60133971,
Ukraine,UKR,Lending interest rate (%),FR.INR.LEND,250.2833333,122.7,79.88333333,49.11666667,54.49666667,54.9525,41.528425,32.277975,25.34945833,17.89489167,17.401225,16.17416667,15.16916667,13.89916667,17.4925,20.86333333,15.86839167,15.947225,18.39221667,16.6492,17.71804167,21.82294167,
Upper middle income,UMC,Lending interest rate (%),FR.INR.LEND,,,,,,,,,,,,,,,,,,,,,,,
Uruguay,URY,Lending interest rate (%),FR.INR.LEND,89.28276967,93.05439937,85.93368768,67.18508855,54.39128238,50.02699036,46.05789784,48.5556244,118.3799408,58.94099583,23.67911417,13.60952333,9.25001575,8.939703917,12.4476125,15.28484239,10.32622218,9.781820742,11.19919216,12.43406496,15.5341402,15.84108139,
United States,USA,Lending interest rate (%),FR.INR.LEND,7.138333333,8.829166667,8.270833333,8.441666667,8.354166667,7.994166667,9.233333333,6.921666667,4.675,4.1225,4.34,6.189166667,7.9575,8.05,5.0875,3.25,3.25,3.25,3.25,3.25,3.25,3.26,
Uzbekistan,UZB,Lending interest rate (%),FR.INR.LEND,,,,,,,,,,,,,,,,,,,,,,,
St. Vincent and the Grenadines,VCT,Lending interest rate (%),FR.INR.LEND,11.73318828,11.06568453,11.22511352,11.29057432,11.30709905,11.54638186,11.46448389,11.62614729,11.56263852,11.83238452,9.69262523,9.584125352,9.731677791,9.612582863,9.524416092,9.186560754,9.171837676,9.136378053,9.414408973,9.439781329,9.146008452,9.3045,
"Venezuela, RB",VEN,Lending interest rate (%),FR.INR.LEND,54.655,39.74416667,39.41333333,23.685,46.3525,32.12583333,25.19916667,22.45166667,36.5775,25.19333333,18.49666667,16.80916667,15.47666667,17.105,22.37083333,19.89333333,18.3475,17.15,16.38,15.895,17.21166667,19.395,
British Virgin Islands,VGB,Lending interest rate (%),FR.INR.LEND,,,,,,,,,,,,,,,,,,,,,,,
Virgin Islands (U.S.),VIR,Lending interest rate (%),FR.INR.LEND,,,,,,,,,,,,,,,,,,,,,,,
Vietnam,VNM,Lending interest rate (%),FR.INR.LEND,,,20.1,14.41666667,14.4,12.7,10.55,9.42,9.061666667,9.48,9.7225,11.025,11.17625,11.18,15.78357143,10.069,13.13525,16.95383333,13.47166667,10.37416667,8.665,7.1175,
Vanuatu,VUT,Lending interest rate (%),FR.INR.LEND,16,10.5,10.5,10.5,10.95833333,10.29166667,9.854166667,8.8125,7.408333333,5.9,7.608333333,7.466666667,8.25,8.160833333,5.291666667,5.5,5.5,5.5,6.05,5,4.691666667,3.625,
West Bank and Gaza,PSE,Lending interest rate (%),FR.INR.LEND,,,,,,,,8.36,7.97,7.56,6.915,7.335,7.7275,7.9775,7.1875,6.19,6.235,6.786607607,6.9675,7.515,6.41,6.8,
World,WLD,Lending interest rate (%),FR.INR.LEND,,,,,,,,,,,,,,,,,,,,,,,
Samoa,WSM,Lending interest rate (%),FR.INR.LEND,,,,,,,,,11.44583333,11.28166667,11.23083333,11.4275,11.72166667,12.65083333,12.66083333,12.0825,10.72,9.9625,9.86,10.20083333,9.980833333,9.389166667,
"Yemen, Rep.",YEM,Lending interest rate (%),FR.INR.LEND,,,31.45,22.51666667,18.125,24.08333333,19.54166667,17.5,17.70833333,18,18.5,18,18,18,18,18,23.83333333,25,24.5,22.08333333,,,
South Africa,ZAF,Lending interest rate (%),FR.INR.LEND,15.58333333,17.89583333,19.52083333,20,21.79166667,18,14.5,13.77083333,15.75,14.95833333,11.29166667,10.625,11.16666667,13.16666667,15.125,11.70833333,9.833333333,9,8.75,8.5,9.125,9.416666667,
"Congo, Dem. Rep.",COD,Lending interest rate (%),FR.INR.LEND,,,,,,,,,,,,,46.43583333,47.00101833,43.15416667,65.4175,56.51833333,43.75340275,28.44666667,19.3660119,18.6925,19.37083333,
Zambia,ZMB,Lending interest rate (%),FR.INR.LEND,70.55833333,45.53333333,53.78333333,46.69166667,31.8,40.51666667,38.8,46.23333333,45.19801667,40.57103333,30.7271,28.20949167,23.15316667,18.8891,19.06318716,22.06312207,20.9163168,18.8368243,12.14976637,9.520833333,11.57291667,13.25,
Zimbabwe,ZWE,Lending interest rate (%),FR.INR.LEND,34.86083333,34.73166667,34.23416667,32.54666667,42.05583333,55.38583333,68.20833333,38.02083333,36.47916667,97.29166667,278.9166667,235.675,,,,,,,,,,,
